<?xml version="1.0" encoding="UTF-8"?>
<metadata xml:lang="zh"><Esri><CreaDate>20221221</CreaDate><CreaTime>03220900</CreaTime><ArcGISFormat>1.0</ArcGISFormat><SyncOnce>FALSE</SyncOnce><DataProperties><itemProps><itemName Sync="TRUE">xisha_Union</itemName><imsContentType Sync="TRUE">002</imsContentType><itemLocation><linkage Sync="TRUE">file://\\DESKTOP-22QNPMP\C$\Users\admin\Documents\ArcGIS\Default.gdb</linkage><protocol Sync="TRUE">Local Area Network</protocol></itemLocation></itemProps><coordRef><type Sync="TRUE">Geographic</type><geogcsn Sync="TRUE">GCS_WGS_1984</geogcsn><csUnits Sync="TRUE">Angular Unit: Degree (0.017453)</csUnits><peXml Sync="TRUE">&lt;GeographicCoordinateSystem xsi:type='typens:GeographicCoordinateSystem' xmlns:xsi='http://www.w3.org/2001/XMLSchema-instance' xmlns:xs='http://www.w3.org/2001/XMLSchema' xmlns:typens='http://www.esri.com/schemas/ArcGIS/10.6'&gt;&lt;WKT&gt;GEOGCS[&amp;quot;GCS_WGS_1984&amp;quot;,DATUM[&amp;quot;D_WGS_1984&amp;quot;,SPHEROID[&amp;quot;WGS_1984&amp;quot;,6378137.0,298.257223563]],PRIMEM[&amp;quot;Greenwich&amp;quot;,0.0],UNIT[&amp;quot;Degree&amp;quot;,0.0174532925199433],AUTHORITY[&amp;quot;EPSG&amp;quot;,4326]]&lt;/WKT&gt;&lt;XOrigin&gt;-400&lt;/XOrigin&gt;&lt;YOrigin&gt;-400&lt;/YOrigin&gt;&lt;XYScale&gt;1111948722.2222221&lt;/XYScale&gt;&lt;ZOrigin&gt;-100000&lt;/ZOrigin&gt;&lt;ZScale&gt;10000&lt;/ZScale&gt;&lt;MOrigin&gt;-100000&lt;/MOrigin&gt;&lt;MScale&gt;10000&lt;/MScale&gt;&lt;XYTolerance&gt;8.983152841195215e-09&lt;/XYTolerance&gt;&lt;ZTolerance&gt;0.001&lt;/ZTolerance&gt;&lt;MTolerance&gt;0.001&lt;/MTolerance&gt;&lt;HighPrecision&gt;true&lt;/HighPrecision&gt;&lt;LeftLongitude&gt;-180&lt;/LeftLongitude&gt;&lt;WKID&gt;4326&lt;/WKID&gt;&lt;LatestWKID&gt;4326&lt;/LatestWKID&gt;&lt;/GeographicCoordinateSystem&gt;</peXml></coordRef><lineage><Process ToolSource="d:\soft\arcgis\desktop10.6\ArcToolbox\Toolboxes\Analysis Tools.tbx\Union" Date="20220817" Time="204713">Union "xisha #;县 #" C:\Users\admin\Documents\ArcGIS\Default.gdb\xisha_Union ALL # GAPS</Process><Process ToolSource="d:\soft\arcgis\desktop10.6\ArcToolbox\Toolboxes\Data Management Tools.tbx\CalculateField" Date="20220817" Time="205146">CalculateField 县3 地名 [地名_1] VB #</Process><Process ToolSource="d:\soft\arcgis\desktop10.6\ArcToolbox\Toolboxes\Data Management Tools.tbx\CalculateField" Date="20220817" Time="205204">CalculateField 县3 地名 "西沙区" VB #</Process><Process ToolSource="d:\soft\arcgis\desktop10.6\ArcToolbox\Toolboxes\Data Management Tools.tbx\CalculateField" Date="20220817" Time="205213">CalculateField 县3 地名 "南沙区" VB #</Process><Process ToolSource="d:\soft\arcgis\desktop10.6\ArcToolbox\Toolboxes\Data Management Tools.tbx\CalculateField" Date="20220817" Time="205253">CalculateField 县3 区划码 [code_1] VB #</Process><Process ToolSource="d:\soft\arcgis\desktop10.6\ArcToolbox\Toolboxes\Data Management Tools.tbx\CalculateField" Date="20220817" Time="205313">CalculateField 县3 县级 [县级_1] VB #</Process><Process ToolSource="d:\soft\arcgis\desktop10.6\ArcToolbox\Toolboxes\Data Management Tools.tbx\CalculateField" Date="20220817" Time="205339">CalculateField 县3 县级码 [县级码_] VB #</Process><Process ToolSource="d:\soft\arcgis\desktop10.6\ArcToolbox\Toolboxes\Data Management Tools.tbx\CalculateField" Date="20220817" Time="205354">CalculateField 县3 县级类 [县级类_] VB #</Process><Process ToolSource="d:\soft\arcgis\desktop10.6\ArcToolbox\Toolboxes\Data Management Tools.tbx\CalculateField" Date="20220817" Time="205411">CalculateField 县3 地级 [地级_1] VB #</Process><Process ToolSource="d:\soft\arcgis\desktop10.6\ArcToolbox\Toolboxes\Data Management Tools.tbx\CalculateField" Date="20220817" Time="205420">CalculateField 县3 地级码 [地级码_] VB #</Process><Process ToolSource="d:\soft\arcgis\desktop10.6\ArcToolbox\Toolboxes\Data Management Tools.tbx\CalculateField" Date="20220817" Time="205433">CalculateField 县3 地级类 [地级类_] VB #</Process><Process ToolSource="d:\soft\arcgis\desktop10.6\ArcToolbox\Toolboxes\Data Management Tools.tbx\CalculateField" Date="20220817" Time="205445">CalculateField 县3 省级 [省级_1] VB #</Process><Process ToolSource="d:\soft\arcgis\desktop10.6\ArcToolbox\Toolboxes\Data Management Tools.tbx\CalculateField" Date="20220817" Time="205459">CalculateField 县3 省级码 [省级码_] VB #</Process><Process ToolSource="d:\soft\arcgis\desktop10.6\ArcToolbox\Toolboxes\Data Management Tools.tbx\CalculateField" Date="20220817" Time="205514">CalculateField 县3 省级类 [省级类_] VB #</Process><Process ToolSource="d:\soft\arcgis\desktop10.6\ArcToolbox\Toolboxes\Data Management Tools.tbx\CalculateField" Date="20220817" Time="205526">CalculateField 县3 曾用名 [曾用名_] VB #</Process><Process ToolSource="d:\soft\arcgis\desktop10.6\ArcToolbox\Toolboxes\Data Management Tools.tbx\CalculateField" Date="20220817" Time="205540">CalculateField 县3 备注 [备注_1] VB #</Process><Process ToolSource="d:\soft\arcgis\desktop10.6\ArcToolbox\Toolboxes\Data Management Tools.tbx\CalculateField" Date="20220817" Time="205555">CalculateField 县3 ENG_NAME [ENG_NAME_1] VB #</Process><Process ToolSource="d:\soft\arcgis\desktop10.6\ArcToolbox\Toolboxes\Data Management Tools.tbx\CalculateField" Date="20220817" Time="205637">CalculateField 县3 VAR_NAME [VAR_NAME_1] VB #</Process><Process ToolSource="d:\soft\arcgis\desktop10.6\ArcToolbox\Toolboxes\Data Management Tools.tbx\CalculateField" Date="20220817" Time="210356">CalculateField 县3 code [区划码_] VB #</Process><Process ToolSource="d:\soft\arcgis\desktop10.6\ArcToolbox\Toolboxes\Data Management Tools.tbx\CalculateField" Date="20220817" Time="210425">CalculateField 县3 code [code_1] VB #</Process><Process ToolSource="d:\soft\arcgis\desktop10.6\ArcToolbox\Toolboxes\Data Management Tools.tbx\CalculateField" Date="20220817" Time="210449">CalculateField 县3 NAME_3 [NAME_34] VB #</Process><Process ToolSource="d:\soft\arcgis\desktop10.6\ArcToolbox\Toolboxes\Data Management Tools.tbx\CalculateField" Date="20220817" Time="210533">CalculateField 县3 VAR_NAME3 [VAR_NAME3_] VB #</Process><Process ToolSource="d:\soft\arcgis\desktop10.6\ArcToolbox\Toolboxes\Data Management Tools.tbx\CalculateField" Date="20220817" Time="210605">CalculateField 县3 GID_3 [GID_34] VB #</Process><Process ToolSource="d:\soft\arcgis\desktop10.6\ArcToolbox\Toolboxes\Data Management Tools.tbx\CalculateField" Date="20220817" Time="210629">CalculateField 县3 TYPE_3 [TYPE_3] VB #</Process><Process ToolSource="d:\soft\arcgis\desktop10.6\ArcToolbox\Toolboxes\Data Management Tools.tbx\CalculateField" Date="20220817" Time="210646">CalculateField 县3 TYPE_3 [TYPE_34] VB #</Process><Process ToolSource="d:\soft\arcgis\desktop10.6\ArcToolbox\Toolboxes\Data Management Tools.tbx\CalculateField" Date="20220817" Time="210714">CalculateField 县3 NAME_2 [NAME_23] VB #</Process><Process ToolSource="d:\soft\arcgis\desktop10.6\ArcToolbox\Toolboxes\Data Management Tools.tbx\CalculateField" Date="20220817" Time="210730">CalculateField 县3 VAR_NAME2 [VAR_NAME2_] VB #</Process><Process ToolSource="d:\soft\arcgis\desktop10.6\ArcToolbox\Toolboxes\Data Management Tools.tbx\CalculateField" Date="20220817" Time="210752">CalculateField 县3 GID_2 [GID_23] VB #</Process><Process ToolSource="d:\soft\arcgis\desktop10.6\ArcToolbox\Toolboxes\Data Management Tools.tbx\CalculateField" Date="20220817" Time="210807">CalculateField 县3 TYPE_2 [TYPE_23] VB #</Process><Process ToolSource="d:\soft\arcgis\desktop10.6\ArcToolbox\Toolboxes\Data Management Tools.tbx\CalculateField" Date="20220817" Time="210826">CalculateField 县3 NAME_1 [NAME_12] VB #</Process><Process ToolSource="d:\soft\arcgis\desktop10.6\ArcToolbox\Toolboxes\Data Management Tools.tbx\CalculateField" Date="20220817" Time="210855">CalculateField 县3 VAR_NAME1 [VAR_NAME1_] VB #</Process><Process ToolSource="d:\soft\arcgis\desktop10.6\ArcToolbox\Toolboxes\Data Management Tools.tbx\CalculateField" Date="20220817" Time="210909">CalculateField 县3 GID_1 [GID_12] VB #</Process><Process ToolSource="d:\soft\arcgis\desktop10.6\ArcToolbox\Toolboxes\Data Management Tools.tbx\CalculateField" Date="20220817" Time="210927">CalculateField 县3 TYPE_1 [TYPE_12] VB #</Process><Process ToolSource="d:\soft\arcgis\desktop10.6\ArcToolbox\Toolboxes\Data Management Tools.tbx\CalculateField" Date="20220817" Time="210949">CalculateField 县3 year 2020 VB #</Process><Process ToolSource="d:\soft\arcgis\desktop10.6\ArcToolbox\Toolboxes\Data Management Tools.tbx\CalculateField" Date="20220817" Time="211350">CalculateField 县3 县 [县级码] VB #</Process><Process ToolSource="d:\soft\arcgis\desktop10.6\ArcToolbox\Toolboxes\Data Management Tools.tbx\CalculateField" Date="20220817" Time="211403">CalculateField 县3 市 [地级码] VB #</Process><Process ToolSource="d:\soft\arcgis\desktop10.6\ArcToolbox\Toolboxes\Data Management Tools.tbx\CalculateField" Date="20220817" Time="211414">CalculateField 县3 省 [省级码] VB #</Process><Process ToolSource="d:\soft\arcgis\desktop10.6\ArcToolbox\Toolboxes\Data Management Tools.tbx\CalculateField" Date="20220817" Time="211434">CalculateField 县3 xian [县级码] VB #</Process><Process ToolSource="d:\soft\arcgis\desktop10.6\ArcToolbox\Toolboxes\Data Management Tools.tbx\CalculateField" Date="20220817" Time="211443">CalculateField 县3 shi [地级码] VB #</Process><Process ToolSource="d:\soft\arcgis\desktop10.6\ArcToolbox\Toolboxes\Data Management Tools.tbx\CalculateField" Date="20220817" Time="211452">CalculateField 县3 sheng [省级码] VB #</Process><Process ToolSource="e:\program files (x86)\arcgis\desktop10.8\ArcToolbox\Toolboxes\Data Management Tools.tbx\CalculateField" Date="20221220" Time="160729">CalculateField 2019县矢量 year 2019 VB #</Process><Process ToolSource="e:\program files (x86)\arcgis\desktop10.8\ArcToolbox\Toolboxes\Data Management Tools.tbx\CalculateField" Date="20221221" Time="003153">CalculateField 2019年\2019县矢量 地级 "伊春市" VB #</Process><Process ToolSource="e:\program files (x86)\arcgis\desktop10.8\ArcToolbox\Toolboxes\Data Management Tools.tbx\CalculateField" Date="20221221" Time="003200">CalculateField 2019年\2019县矢量 地级码 230700 VB #</Process><Process ToolSource="e:\program files (x86)\arcgis\desktop10.8\ArcToolbox\Toolboxes\Data Management Tools.tbx\CalculateField" Date="20221221" Time="003214">CalculateField 2019年\2019县矢量 地级类 "地级市" VB #</Process><Process ToolSource="e:\program files (x86)\arcgis\desktop10.8\ArcToolbox\Toolboxes\Data Management Tools.tbx\CalculateField" Date="20221221" Time="003225">CalculateField 2019年\2019县矢量 省级 "黑龙江省" VB #</Process><Process ToolSource="e:\program files (x86)\arcgis\desktop10.8\ArcToolbox\Toolboxes\Data Management Tools.tbx\CalculateField" Date="20221221" Time="003236">CalculateField 2019年\2019县矢量 省级码 230000 VB #</Process><Process ToolSource="e:\program files (x86)\arcgis\desktop10.8\ArcToolbox\Toolboxes\Data Management Tools.tbx\CalculateField" Date="20221221" Time="003245">CalculateField 2019年\2019县矢量 省级类 "省" VB #</Process><Process ToolSource="e:\program files (x86)\arcgis\desktop10.8\ArcToolbox\Toolboxes\Data Management Tools.tbx\CalculateField" Date="20221221" Time="003257">CalculateField 2019年\2019县矢量 code 230712 VB #</Process><Process ToolSource="e:\program files (x86)\arcgis\desktop10.8\ArcToolbox\Toolboxes\Data Management Tools.tbx\CalculateField" Date="20221221" Time="003351">CalculateField 2019年\2019县矢量 NAME_2 "Yichun" VB #</Process><Process ToolSource="e:\program files (x86)\arcgis\desktop10.8\ArcToolbox\Toolboxes\Data Management Tools.tbx\CalculateField" Date="20221221" Time="003404">CalculateField 2019年\2019县矢量 VAR_NAME2 "Yī Chūn" VB #</Process><Process ToolSource="e:\program files (x86)\arcgis\desktop10.8\ArcToolbox\Toolboxes\Data Management Tools.tbx\CalculateField" Date="20221221" Time="003411">CalculateField 2019年\2019县矢量 GID_2 230700 VB #</Process><Process ToolSource="e:\program files (x86)\arcgis\desktop10.8\ArcToolbox\Toolboxes\Data Management Tools.tbx\CalculateField" Date="20221221" Time="003421">CalculateField 2019年\2019县矢量 TYPE_2 "Prefecture City​" VB #</Process><Process ToolSource="e:\program files (x86)\arcgis\desktop10.8\ArcToolbox\Toolboxes\Data Management Tools.tbx\CalculateField" Date="20221221" Time="003431">CalculateField 2019年\2019县矢量 NAME_1 "Heilongjiang" VB #</Process><Process ToolSource="e:\program files (x86)\arcgis\desktop10.8\ArcToolbox\Toolboxes\Data Management Tools.tbx\CalculateField" Date="20221221" Time="003451">CalculateField 2019年\2019县矢量 VAR_NAME1 "Hēi Lóng Jiāng" VB #</Process><Process ToolSource="e:\program files (x86)\arcgis\desktop10.8\ArcToolbox\Toolboxes\Data Management Tools.tbx\CalculateField" Date="20221221" Time="003459">CalculateField 2019年\2019县矢量 GID_1 230000 VB #</Process><Process ToolSource="e:\program files (x86)\arcgis\desktop10.8\ArcToolbox\Toolboxes\Data Management Tools.tbx\CalculateField" Date="20221221" Time="003507">CalculateField 2019年\2019县矢量 TYPE_1 "Province" VB #</Process><Process ToolSource="e:\program files (x86)\arcgis\desktop10.8\ArcToolbox\Toolboxes\Data Management Tools.tbx\CalculateField" Date="20221221" Time="003516">CalculateField 2019年\2019县矢量 year 2019 VB #</Process><Process ToolSource="e:\program files (x86)\arcgis\desktop10.8\ArcToolbox\Toolboxes\Data Management Tools.tbx\CalculateField" Date="20221221" Time="181827">CalculateField 2019年\2019年县级 曾用名 "余江县" VB #</Process><Process ToolSource="e:\program files (x86)\arcgis\desktop10.8\ArcToolbox\Toolboxes\Data Management Tools.tbx\CalculateField" Date="20221221" Time="182515">CalculateField 2019年\2019年县级 曾用名 "马龙县" VB #</Process><Process ToolSource="e:\program files (x86)\arcgis\desktop10.8\ArcToolbox\Toolboxes\Data Management Tools.tbx\CalculateField" Date="20221221" Time="212408">CalculateField 2019年\2019年县级 曾用名 "济阳县" VB #</Process><Process ToolSource="e:\program files (x86)\arcgis\desktop10.8\ArcToolbox\Toolboxes\Data Management Tools.tbx\CalculateField" Date="20221221" Time="212745">CalculateField 2019年\2019年县级 曾用名 "邹平县" VB #</Process><Process ToolSource="e:\program files (x86)\arcgis\desktop10.8\ArcToolbox\Toolboxes\Data Management Tools.tbx\CalculateField" Date="20221221" Time="213454">CalculateField 2019年\2019年县级 曾用名 "株洲县" VB #</Process><Process ToolSource="e:\program files (x86)\arcgis\desktop10.8\ArcToolbox\Toolboxes\Data Management Tools.tbx\CalculateField" Date="20221221" Time="215423">CalculateField 2019年\2019年县级 曾用名 "宜宾县" VB #</Process><Process ToolSource="e:\program files (x86)\arcgis\desktop10.8\ArcToolbox\Toolboxes\Data Management Tools.tbx\CalculateField" Date="20221221" Time="215955">CalculateField 2019年\2019年县级 曾用名 "彬县" VB #</Process><Process ToolSource="e:\program files (x86)\arcgis\desktop10.8\ArcToolbox\Toolboxes\Data Management Tools.tbx\CalculateField" Date="20221221" Time="220813">CalculateField 2019年\2019年县级 曾用名 "海安县" VB #</Process><Process ToolSource="e:\program files (x86)\arcgis\desktop10.8\ArcToolbox\Toolboxes\Data Management Tools.tbx\CalculateField" Date="20221221" Time="221255">CalculateField 2019年\2019年县级 曾用名 "漠河县" VB #</Process><Process ToolSource="e:\program files (x86)\arcgis\desktop10.8\ArcToolbox\Toolboxes\Data Management Tools.tbx\CalculateField" Date="20221221" Time="222613">CalculateField 2019年\2019年县级 曾用名 "京山县" VB #</Process><Process ToolSource="e:\program files (x86)\arcgis\desktop10.8\ArcToolbox\Toolboxes\Data Management Tools.tbx\CalculateField" Date="20221221" Time="223145">CalculateField 2019年\2019年县级 曾用名 "滦县" VB #</Process><Process ToolSource="e:\program files (x86)\arcgis\desktop10.8\ArcToolbox\Toolboxes\Data Management Tools.tbx\CalculateField" Date="20221221" Time="224406">CalculateField 2019年\2019年县级 曾用名 "潜山县" VB #</Process><Process ToolSource="e:\program files (x86)\arcgis\desktop10.8\ArcToolbox\Toolboxes\Data Management Tools.tbx\CalculateField" Date="20221221" Time="224812">CalculateField 2019年\2019年县级 曾用名 "荔浦县" VB #</Process><Process ToolSource="e:\program files (x86)\arcgis\desktop10.8\ArcToolbox\Toolboxes\Data Management Tools.tbx\CalculateField" Date="20221221" Time="225148">CalculateField 2019年\2019年县级 曾用名 "兴仁县" VB #</Process><Process ToolSource="e:\program files (x86)\arcgis\desktop10.8\ArcToolbox\Toolboxes\Data Management Tools.tbx\CalculateField" Date="20221221" Time="225609">CalculateField 2019年\2019年县级 曾用名 "水富县" VB #</Process><Process ToolSource="e:\program files (x86)\arcgis\desktop10.8\ArcToolbox\Toolboxes\Data Management Tools.tbx\CalculateField" Date="20221221" Time="230013">CalculateField 2019年\2019年县级 曾用名 "华亭县" VB #</Process><Process ToolSource="e:\program files (x86)\arcgis\desktop10.8\ArcToolbox\Toolboxes\Data Management Tools.tbx\CalculateField" Date="20221222" Time="011724">CalculateField 2019年\2019年县级 曾用名 "九江县" VB #</Process><Process ToolSource="e:\program files (x86)\arcgis\desktop10.8\ArcToolbox\Toolboxes\Data Management Tools.tbx\CalculateField" Date="20221222" Time="012343">CalculateField 2019年\2019年县级 曾用名 "罗江县" VB #</Process><Process ToolSource="e:\program files (x86)\arcgis\desktop10.8\ArcToolbox\Toolboxes\Data Management Tools.tbx\CalculateField" Date="20221222" Time="013515">CalculateField 2019年\2019年县级 曾用名 "达孜县" VB #</Process><Process ToolSource="e:\program files (x86)\arcgis\desktop10.8\ArcToolbox\Toolboxes\Data Management Tools.tbx\CalculateField" Date="20221222" Time="014438">CalculateField 2019年\2019年县级 曾用名 "那曲县" VB #</Process><Process ToolSource="e:\program files (x86)\arcgis\desktop10.8\ArcToolbox\Toolboxes\Data Management Tools.tbx\CalculateField" Date="20221222" Time="015148">CalculateField 2019年\2019年县级 曾用名 "南郑县" VB #</Process><Process ToolSource="e:\program files (x86)\arcgis\desktop10.8\ArcToolbox\Toolboxes\Data Management Tools.tbx\CalculateField" Date="20221222" Time="015703">CalculateField 2019年\2019年县级 曾用名 "神木县" VB #</Process><Process ToolSource="e:\program files (x86)\arcgis\desktop10.8\ArcToolbox\Toolboxes\Data Management Tools.tbx\CalculateField" Date="20221222" Time="103402">CalculateField 2019年\2019年县级 曾用名 "平泉县" VB #</Process><Process ToolSource="e:\program files (x86)\arcgis\desktop10.8\ArcToolbox\Toolboxes\Data Management Tools.tbx\CalculateField" Date="20221222" Time="104129">CalculateField 2019年\2019年县级 曾用名 "玉环县" VB #</Process><Process ToolSource="e:\program files (x86)\arcgis\desktop10.8\ArcToolbox\Toolboxes\Data Management Tools.tbx\CalculateField" Date="20221222" Time="104926">CalculateField 2019年\2019年县级 曾用名 "临安市" VB #</Process><Process ToolSource="e:\program files (x86)\arcgis\desktop10.8\ArcToolbox\Toolboxes\Data Management Tools.tbx\CalculateField" Date="20221222" Time="105950">CalculateField 2019年\2019年县级 曾用名 "隆昌县" VB #</Process><Process ToolSource="e:\program files (x86)\arcgis\desktop10.8\ArcToolbox\Toolboxes\Data Management Tools.tbx\CalculateField" Date="20221222" Time="110536">CalculateField 2019年\2019年县级 曾用名 "宁乡县" VB #</Process><Process ToolSource="e:\program files (x86)\arcgis\desktop10.8\ArcToolbox\Toolboxes\Data Management Tools.tbx\CalculateField" Date="20221222" Time="111553">CalculateField 2019年\2019年县级 曾用名 "盘县" VB #</Process><Process ToolSource="e:\program files (x86)\arcgis\desktop10.8\ArcToolbox\Toolboxes\Data Management Tools.tbx\CalculateField" Date="20221222" Time="112235">CalculateField 2019年\2019年县级 曾用名 "长乐市" VB #</Process><Process ToolSource="e:\program files (x86)\arcgis\desktop10.8\ArcToolbox\Toolboxes\Data Management Tools.tbx\CalculateField" Date="20221222" Time="115047">CalculateField 2019年\2019年县级 曾用名 "即墨市" VB #</Process><Process ToolSource="e:\program files (x86)\arcgis\desktop10.8\ArcToolbox\Toolboxes\Data Management Tools.tbx\CalculateField" Date="20221224" Time="104758">CalculateField 2019年\2019年县级 曾用名 "崇礼县" VB #</Process><Process ToolSource="e:\program files (x86)\arcgis\desktop10.8\ArcToolbox\Toolboxes\Data Management Tools.tbx\CalculateField" Date="20221224" Time="104934">CalculateField 2019年\2019年县级 曾用名 "万全县" VB #</Process><Process ToolSource="e:\program files (x86)\arcgis\desktop10.8\ArcToolbox\Toolboxes\Data Management Tools.tbx\CalculateField" Date="20221224" Time="112311">CalculateField 2019年\2019年县级 曾用名 "肥乡县" VB #</Process><Process ToolSource="e:\program files (x86)\arcgis\desktop10.8\ArcToolbox\Toolboxes\Data Management Tools.tbx\CalculateField" Date="20221224" Time="112441">CalculateField 2019年\2019年县级 曾用名 "永年县" VB #</Process><Process ToolSource="e:\program files (x86)\arcgis\desktop10.8\ArcToolbox\Toolboxes\Data Management Tools.tbx\CalculateField" Date="20221224" Time="115445">CalculateField 2019年\2019年县级 曾用名 "冀州市" VB #</Process><Process ToolSource="e:\program files (x86)\arcgis\desktop10.8\ArcToolbox\Toolboxes\Data Management Tools.tbx\CalculateField" Date="20221224" Time="130358">CalculateField 2019年\2019年县级 曾用名 "大洼县" VB #</Process><Process ToolSource="e:\program files (x86)\arcgis\desktop10.8\ArcToolbox\Toolboxes\Data Management Tools.tbx\CalculateField" Date="20221224" Time="130513">CalculateField 2019年\2019年县级 曾用名 "辽中县" VB #</Process><Process ToolSource="e:\program files (x86)\arcgis\desktop10.8\ArcToolbox\Toolboxes\Data Management Tools.tbx\CalculateField" Date="20221224" Time="131616">CalculateField 2019年\2019年县级 曾用名 "垦利县" VB #</Process><Process ToolSource="e:\program files (x86)\arcgis\desktop10.8\ArcToolbox\Toolboxes\Data Management Tools.tbx\CalculateField" Date="20221224" Time="131846">CalculateField 2019年\2019年县级 曾用名 "定陶县" VB #</Process><Process ToolSource="e:\program files (x86)\arcgis\desktop10.8\ArcToolbox\Toolboxes\Data Management Tools.tbx\CalculateField" Date="20221224" Time="132111">CalculateField 2019年\2019年县级 曾用名 "章丘市" VB #</Process><Process ToolSource="e:\program files (x86)\arcgis\desktop10.8\ArcToolbox\Toolboxes\Data Management Tools.tbx\CalculateField" Date="20221224" Time="134502">CalculateField 2019年\2019年县级 曾用名 "沾益县" VB #</Process><Process ToolSource="e:\program files (x86)\arcgis\desktop10.8\ArcToolbox\Toolboxes\Data Management Tools.tbx\CalculateField" Date="20221224" Time="134740">CalculateField 2019年\2019年县级 曾用名 "晋宁县" VB #</Process><Process ToolSource="e:\program files (x86)\arcgis\desktop10.8\ArcToolbox\Toolboxes\Data Management Tools.tbx\CalculateField" Date="20221224" Time="135001">CalculateField 2019年\2019年县级 曾用名 "泸水县" VB #</Process><Process ToolSource="e:\program files (x86)\arcgis\desktop10.8\ArcToolbox\Toolboxes\Data Management Tools.tbx\CalculateField" Date="20221224" Time="141835">CalculateField 2019年\2019年县级 曾用名 "柳江县" VB #</Process><Process ToolSource="e:\program files (x86)\arcgis\desktop10.8\ArcToolbox\Toolboxes\Data Management Tools.tbx\CalculateField" Date="20221224" Time="142506">CalculateField 2019年\2019年县级 曾用名 "宜州市" VB #</Process><Process ToolSource="e:\program files (x86)\arcgis\desktop10.8\ArcToolbox\Toolboxes\Data Management Tools.tbx\CalculateField" Date="20221224" Time="145131">CalculateField 2019年\2019年县级 曾用名 "遵义县" VB #</Process><Process ToolSource="e:\program files (x86)\arcgis\desktop10.8\ArcToolbox\Toolboxes\Data Management Tools.tbx\CalculateField" Date="20221224" Time="150955">CalculateField 2019年\2019年县级 曾用名 "安县" VB #</Process><Process ToolSource="e:\program files (x86)\arcgis\desktop10.8\ArcToolbox\Toolboxes\Data Management Tools.tbx\CalculateField" Date="20221224" Time="155040">CalculateField 2019年\2019年县级 曾用名 "崇明县" VB #</Process><Process ToolSource="e:\program files (x86)\arcgis\desktop10.8\ArcToolbox\Toolboxes\Data Management Tools.tbx\CalculateField" Date="20221224" Time="155534">CalculateField 2019年\2019年县级 曾用名 "郫县" VB #</Process><Process ToolSource="e:\program files (x86)\arcgis\desktop10.8\ArcToolbox\Toolboxes\Data Management Tools.tbx\CalculateField" Date="20221224" Time="160630">CalculateField 2019年\2019年县级 曾用名 "蓟县" VB #</Process><Process ToolSource="e:\program files (x86)\arcgis\desktop10.8\ArcToolbox\Toolboxes\Data Management Tools.tbx\CalculateField" Date="20221224" Time="162251">CalculateField 2019年\2019年县级 曾用名 "开县" VB #</Process><Process ToolSource="e:\program files (x86)\arcgis\desktop10.8\ArcToolbox\Toolboxes\Data Management Tools.tbx\CalculateField" Date="20221224" Time="162406">CalculateField 2019年\2019年县级 曾用名 "梁平县" VB #</Process><Process ToolSource="e:\program files (x86)\arcgis\desktop10.8\ArcToolbox\Toolboxes\Data Management Tools.tbx\CalculateField" Date="20221224" Time="163003">CalculateField 2019年\2019年县级 曾用名 "武隆县" VB #</Process><Process ToolSource="e:\program files (x86)\arcgis\desktop10.8\ArcToolbox\Toolboxes\Data Management Tools.tbx\CalculateField" Date="20221224" Time="164944">CalculateField 2019年\2019年县级 曾用名 "洪泽县" VB #</Process><Process ToolSource="e:\program files (x86)\arcgis\desktop10.8\ArcToolbox\Toolboxes\Data Management Tools.tbx\CalculateField" Date="20221224" Time="173005">CalculateField 2019年\2019年县级 曾用名 "安塞县" VB #</Process><Process ToolSource="e:\program files (x86)\arcgis\desktop10.8\ArcToolbox\Toolboxes\Data Management Tools.tbx\CalculateField" Date="20221224" Time="173136">CalculateField 2019年\2019年县级 曾用名 "鄠邑区" VB #</Process><Process ToolSource="e:\program files (x86)\arcgis\desktop10.8\ArcToolbox\Toolboxes\Data Management Tools.tbx\CalculateField" Date="20221224" Time="173624">CalculateField 2019年\2019年县级 曾用名 "户县" VB #</Process><Process ToolSource="e:\program files (x86)\arcgis\desktop10.8\ArcToolbox\Toolboxes\Data Management Tools.tbx\CalculateField" Date="20221224" Time="175546">CalculateField 2019年\2019年县级 曾用名 "赣县" VB #</Process><Process ToolSource="e:\program files (x86)\arcgis\desktop10.8\ArcToolbox\Toolboxes\Data Management Tools.tbx\CalculateField" Date="20221224" Time="180301">CalculateField 2019年\2019年县级 曾用名 "东乡县" VB #</Process><Process ToolSource="e:\program files (x86)\arcgis\desktop10.8\ArcToolbox\Toolboxes\Data Management Tools.tbx\CalculateField" Date="20221224" Time="183727">CalculateField 2019年\2019年县级 曾用名 "奉化市" VB #</Process><Process ToolSource="e:\program files (x86)\arcgis\desktop10.8\ArcToolbox\Toolboxes\Data Management Tools.tbx\CalculateField" Date="20221224" Time="185149">CalculateField 2019年\2019年县级 曾用名 "许昌县" VB #</Process><Process ToolSource="e:\program files (x86)\arcgis\desktop10.8\ArcToolbox\Toolboxes\Data Management Tools.tbx\CalculateField" Date="20221224" Time="185630">CalculateField 2019年\2019年县级 曾用名 "抚远县" VB #</Process><Process ToolSource="e:\program files (x86)\arcgis\desktop10.8\ArcToolbox\Toolboxes\Data Management Tools.tbx\CalculateField" Date="20221224" Time="191941">CalculateField 2019年\2019年县级 曾用名 "哈密市" VB #</Process><Process ToolSource="e:\program files (x86)\arcgis\desktop10.8\ArcToolbox\Toolboxes\Data Management Tools.tbx\CalculateField" Date="20221229" Time="101648">CalculateField 2019年\2019年县级 曾用名 "靖西县" VB #</Process><Process ToolSource="e:\program files (x86)\arcgis\desktop10.8\ArcToolbox\Toolboxes\Data Management Tools.tbx\CalculateField" Date="20221229" Time="101905">CalculateField 2019年\2019年县级 曾用名 "武鸣县" VB #</Process><Process ToolSource="e:\program files (x86)\arcgis\desktop10.8\ArcToolbox\Toolboxes\Data Management Tools.tbx\CalculateField" Date="20221229" Time="104203">CalculateField 2019年\2019年县级 曾用名 "新疆县" VB #</Process><Process ToolSource="e:\program files (x86)\arcgis\desktop10.8\ArcToolbox\Toolboxes\Data Management Tools.tbx\CalculateField" Date="20221229" Time="104239">CalculateField 2019年\2019年县级 曾用名 "新建县" VB #</Process><Process ToolSource="e:\program files (x86)\arcgis\desktop10.8\ArcToolbox\Toolboxes\Data Management Tools.tbx\CalculateField" Date="20221229" Time="104821">CalculateField 2019年\2019年县级 曾用名 "广丰县" VB #</Process><Process ToolSource="e:\program files (x86)\arcgis\desktop10.8\ArcToolbox\Toolboxes\Data Management Tools.tbx\CalculateField" Date="20221229" Time="111752">CalculateField 2019年\2019年县级 曾用名 "平安县" VB #</Process><Process ToolSource="e:\program files (x86)\arcgis\desktop10.8\ArcToolbox\Toolboxes\Data Management Tools.tbx\CalculateField" Date="20221229" Time="130239">CalculateField 2019年\2019年县级 曾用名 "陕县" VB #</Process><Process ToolSource="e:\program files (x86)\arcgis\desktop10.8\ArcToolbox\Toolboxes\Data Management Tools.tbx\CalculateField" Date="20221229" Time="132247">CalculateField 2019年\2019年县级 曾用名 "满城县" VB #</Process><Process ToolSource="e:\program files (x86)\arcgis\desktop10.8\ArcToolbox\Toolboxes\Data Management Tools.tbx\CalculateField" Date="20221229" Time="132525">CalculateField 2019年\2019年县级 曾用名 "清苑县" VB #</Process><Process ToolSource="e:\program files (x86)\arcgis\desktop10.8\ArcToolbox\Toolboxes\Data Management Tools.tbx\CalculateField" Date="20221229" Time="132932">CalculateField 2019年\2019年县级 曾用名 "徐水区" VB #</Process><Process ToolSource="e:\program files (x86)\arcgis\desktop10.8\ArcToolbox\Toolboxes\Data Management Tools.tbx\CalculateField" Date="20221229" Time="133019">CalculateField 2019年\2019年县级 曾用名 "徐水县" VB #</Process><Process ToolSource="e:\program files (x86)\arcgis\desktop10.8\ArcToolbox\Toolboxes\Data Management Tools.tbx\CalculateField" Date="20221229" Time="134342">CalculateField 2019年\2019年县级 曾用名 "新市区" VB #</Process><Process ToolSource="e:\program files (x86)\arcgis\desktop10.8\ArcToolbox\Toolboxes\Data Management Tools.tbx\CalculateField" Date="20221229" Time="135436">CalculateField 2019年\2019年县级 曾用名 "北市区、南市区" VB #</Process><Process ToolSource="e:\program files (x86)\arcgis\desktop10.8\ArcToolbox\Toolboxes\Data Management Tools.tbx\CalculateField" Date="20221229" Time="141355">CalculateField 2019年\2019年县级 曾用名 "抚宁县" VB #</Process><Process ToolSource="e:\program files (x86)\arcgis\desktop10.8\ArcToolbox\Toolboxes\Data Management Tools.tbx\CalculateField" Date="20221229" Time="143619">CalculateField 2019年\2019年县级 曾用名 "潼南县" VB #</Process><Process ToolSource="e:\program files (x86)\arcgis\desktop10.8\ArcToolbox\Toolboxes\Data Management Tools.tbx\CalculateField" Date="20221229" Time="144036">CalculateField 2019年\2019年县级 曾用名 "荣昌县" VB #</Process><Process ToolSource="e:\program files (x86)\arcgis\desktop10.8\ArcToolbox\Toolboxes\Data Management Tools.tbx\CalculateField" Date="20221229" Time="151549">CalculateField 2019年\2019年县级 曾用名 "金坛市" VB #</Process><Process ToolSource="e:\program files (x86)\arcgis\desktop10.8\ArcToolbox\Toolboxes\Data Management Tools.tbx\CalculateField" Date="20221229" Time="152404">CalculateField 2019年\2019年县级 曾用名 "大丰市" VB #</Process><Process ToolSource="e:\program files (x86)\arcgis\desktop10.8\ArcToolbox\Toolboxes\Data Management Tools.tbx\CalculateField" Date="20221229" Time="161346">CalculateField 2019年\2019年县级 曾用名 "高要市" VB #</Process><Process ToolSource="e:\program files (x86)\arcgis\desktop10.8\ArcToolbox\Toolboxes\Data Management Tools.tbx\CalculateField" Date="20221229" Time="162152">CalculateField 2019年\2019年县级 曾用名 "静海县" VB #</Process><Process ToolSource="e:\program files (x86)\arcgis\desktop10.8\ArcToolbox\Toolboxes\Data Management Tools.tbx\CalculateField" Date="20221229" Time="162307">CalculateField 2019年\2019年县级 曾用名 "宁河县" VB #</Process><Process ToolSource="e:\program files (x86)\arcgis\desktop10.8\ArcToolbox\Toolboxes\Data Management Tools.tbx\CalculateField" Date="20221229" Time="174724">CalculateField 2019年\2019年县级 曾用名 "洞头县" VB #</Process><Process ToolSource="e:\program files (x86)\arcgis\desktop10.8\ArcToolbox\Toolboxes\Data Management Tools.tbx\CalculateField" Date="20221229" Time="180231">CalculateField 2019年\2019年县级 曾用名 "密云县" VB #</Process><Process ToolSource="e:\program files (x86)\arcgis\desktop10.8\ArcToolbox\Toolboxes\Data Management Tools.tbx\CalculateField" Date="20221229" Time="180348">CalculateField 2019年\2019年县级 曾用名 "延庆县" VB #</Process><Process ToolSource="e:\program files (x86)\arcgis\desktop10.8\ArcToolbox\Toolboxes\Data Management Tools.tbx\CalculateField" Date="20221229" Time="182130">CalculateField 2019年\2019年县级 曾用名 "堆龙德庆县" VB #</Process><Process ToolSource="e:\program files (x86)\arcgis\desktop10.8\ArcToolbox\Toolboxes\Data Management Tools.tbx\CalculateField" Date="20221229" Time="184455">CalculateField 2019年\2019年县级 曾用名 "林芝县" VB #</Process><Process ToolSource="e:\program files (x86)\arcgis\desktop10.8\ArcToolbox\Toolboxes\Data Management Tools.tbx\CalculateField" Date="20221229" Time="185616">CalculateField 2019年\2019年县级 曾用名 "华县" VB #</Process><Process ToolSource="e:\program files (x86)\arcgis\desktop10.8\ArcToolbox\Toolboxes\Data Management Tools.tbx\CalculateField" Date="20221229" Time="203343">CalculateField 2019年\2019年县级 曾用名 "横山县" VB #</Process><Process ToolSource="e:\program files (x86)\arcgis\desktop10.8\ArcToolbox\Toolboxes\Data Management Tools.tbx\CalculateField" Date="20221229" Time="203944">CalculateField 2019年\2019年县级 曾用名 "普兰店市" VB #</Process><Process ToolSource="e:\program files (x86)\arcgis\desktop10.8\ArcToolbox\Toolboxes\Data Management Tools.tbx\CalculateField" Date="20221229" Time="211327">CalculateField 2019年\2019年县级 曾用名 "铜陵县" VB #</Process><Process ToolSource="e:\program files (x86)\arcgis\desktop10.8\ArcToolbox\Toolboxes\Data Management Tools.tbx\CalculateField" Date="20221230" Time="152439">CalculateField 2019年\2019年县级 曾用名 "铜官山区、狮子山区" VB #</Process><Process ToolSource="e:\program files (x86)\arcgis\desktop10.8\ArcToolbox\Toolboxes\Data Management Tools.tbx\CalculateField" Date="20221230" Time="154551">CalculateField 2019年\2019年县级 曾用名 "双流县" VB #</Process><Process ToolSource="e:\program files (x86)\arcgis\desktop10.8\ArcToolbox\Toolboxes\Data Management Tools.tbx\CalculateField" Date="20221230" Time="155148">CalculateField 2019年\2019年县级 曾用名 "康定县" VB #</Process><Process ToolSource="e:\program files (x86)\arcgis\desktop10.8\ArcToolbox\Toolboxes\Data Management Tools.tbx\CalculateField" Date="20221230" Time="160106">CalculateField 2019年\2019年县级 曾用名 "马尔康县" VB #</Process><Process ToolSource="e:\program files (x86)\arcgis\desktop10.8\ArcToolbox\Toolboxes\Data Management Tools.tbx\CalculateField" Date="20221230" Time="161223">CalculateField 2019年\2019年县级 曾用名 "江川县" VB #</Process><Process ToolSource="e:\program files (x86)\arcgis\desktop10.8\ArcToolbox\Toolboxes\Data Management Tools.tbx\CalculateField" Date="20221230" Time="161508">CalculateField 2019年\2019年县级 曾用名 "腾冲县" VB #</Process><Process ToolSource="e:\program files (x86)\arcgis\desktop10.8\ArcToolbox\Toolboxes\Data Management Tools.tbx\CalculateField" Date="20221230" Time="162711">CalculateField 2019年\2019年县级 曾用名 "东宁县" VB #</Process><Process ToolSource="e:\program files (x86)\arcgis\desktop10.8\ArcToolbox\Toolboxes\Data Management Tools.tbx\CalculateField" Date="20221230" Time="164538">CalculateField 2019年\2019年县级 曾用名 "吐鲁番市" VB #</Process></lineage></DataProperties><SyncDate>20220817</SyncDate><SyncTime>20470200</SyncTime><ModDate>20220817</ModDate><ModTime>20470200</ModTime></Esri><dataIdInfo><envirDesc Sync="TRUE"> Version 6.2 (Build 9200) ; Esri ArcGIS 10.6.0.8321</envirDesc><dataLang><languageCode value="zho" Sync="TRUE"></languageCode><countryCode value="CHN" Sync="TRUE"></countryCode></dataLang><idCitation><resTitle Sync="TRUE">xisha_Union</resTitle><presForm><PresFormCd value="005" Sync="TRUE"></PresFormCd></presForm></idCitation><spatRpType><SpatRepTypCd value="001" Sync="TRUE"></SpatRepTypCd></spatRpType></dataIdInfo><mdLang><languageCode value="zho" Sync="TRUE"></languageCode><countryCode value="CHN" Sync="TRUE"></countryCode></mdLang><distInfo><distFormat><formatName Sync="TRUE">文件地理数据库要素类</formatName></distFormat></distInfo><mdHrLv><ScopeCd value="005" Sync="TRUE"></ScopeCd></mdHrLv><mdHrLvName Sync="TRUE">dataset</mdHrLvName><refSysInfo><RefSystem><refSysID><identCode code="4326" Sync="TRUE"></identCode><idCodeSpace Sync="TRUE">EPSG</idCodeSpace><idVersion Sync="TRUE">6.14(3.0.1)</idVersion></refSysID></RefSystem></refSysInfo><spatRepInfo><VectSpatRep><geometObjs Name="xisha_Union"><geoObjTyp><GeoObjTypCd value="002" Sync="TRUE"></GeoObjTypCd></geoObjTyp><geoObjCnt Sync="TRUE">0</geoObjCnt></geometObjs><topLvl><TopoLevCd value="001" Sync="TRUE"></TopoLevCd></topLvl></VectSpatRep></spatRepInfo><spdoinfo><ptvctinf><esriterm Name="xisha_Union"><efeatyp Sync="TRUE">Simple</efeatyp><efeageom code="4" Sync="TRUE"></efeageom><esritopo Sync="TRUE">FALSE</esritopo><efeacnt Sync="TRUE">0</efeacnt><spindex Sync="TRUE">TRUE</spindex><linrefer Sync="TRUE">FALSE</linrefer></esriterm></ptvctinf></spdoinfo><eainfo><detailed Name="xisha_Union"><enttyp><enttypl Sync="TRUE">xisha_Union</enttypl><enttypt Sync="TRUE">Feature Class</enttypt><enttypc Sync="TRUE">0</enttypc></enttyp><attr><attrlabl Sync="TRUE">OBJECTID</attrlabl><attalias Sync="TRUE">FID</attalias><attrtype Sync="TRUE">OID</attrtype><attwidth Sync="TRUE">4</attwidth><atprecis Sync="TRUE">0</atprecis><attscale Sync="TRUE">0</attscale><attrdef Sync="TRUE">Internal feature number.</attrdef><attrdefs Sync="TRUE">Esri</attrdefs><attrdomv><udom Sync="TRUE">Sequential unique whole numbers that are automatically generated.</udom></attrdomv></attr><attr><attrlabl Sync="TRUE">Shape</attrlabl><attalias Sync="TRUE">Shape</attalias><attrtype Sync="TRUE">Geometry</attrtype><attwidth Sync="TRUE">0</attwidth><atprecis Sync="TRUE">0</atprecis><attscale Sync="TRUE">0</attscale><attrdef Sync="TRUE">Feature geometry.</attrdef><attrdefs Sync="TRUE">Esri</attrdefs><attrdomv><udom Sync="TRUE">Coordinates defining the features.</udom></attrdomv></attr><attr><attrlabl Sync="TRUE">FID_xisha</attrlabl><attalias Sync="TRUE">FID_xisha</attalias><attrtype Sync="TRUE">Integer</attrtype><attwidth Sync="TRUE">4</attwidth><atprecis Sync="TRUE">0</atprecis><attscale Sync="TRUE">0</attscale></attr><attr><attrlabl Sync="TRUE">地名</attrlabl><attalias Sync="TRUE">地名</attalias><attrtype Sync="TRUE">String</attrtype><attwidth Sync="TRUE">254</attwidth><atprecis Sync="TRUE">0</atprecis><attscale Sync="TRUE">0</attscale></attr><attr><attrlabl Sync="TRUE">区划码</attrlabl><attalias Sync="TRUE">区划码</attalias><attrtype Sync="TRUE">Integer</attrtype><attwidth Sync="TRUE">4</attwidth><atprecis Sync="TRUE">0</atprecis><attscale Sync="TRUE">0</attscale></attr><attr><attrlabl Sync="TRUE">县级</attrlabl><attalias Sync="TRUE">县级</attalias><attrtype Sync="TRUE">String</attrtype><attwidth Sync="TRUE">254</attwidth><atprecis Sync="TRUE">0</atprecis><attscale Sync="TRUE">0</attscale></attr><attr><attrlabl Sync="TRUE">县级码</attrlabl><attalias Sync="TRUE">县级码</attalias><attrtype Sync="TRUE">Integer</attrtype><attwidth Sync="TRUE">4</attwidth><atprecis Sync="TRUE">0</atprecis><attscale Sync="TRUE">0</attscale></attr><attr><attrlabl Sync="TRUE">县级类</attrlabl><attalias Sync="TRUE">县级类</attalias><attrtype Sync="TRUE">String</attrtype><attwidth Sync="TRUE">254</attwidth><atprecis Sync="TRUE">0</atprecis><attscale Sync="TRUE">0</attscale></attr><attr><attrlabl Sync="TRUE">地级</attrlabl><attalias Sync="TRUE">地级</attalias><attrtype Sync="TRUE">String</attrtype><attwidth Sync="TRUE">254</attwidth><atprecis Sync="TRUE">0</atprecis><attscale Sync="TRUE">0</attscale></attr><attr><attrlabl Sync="TRUE">地级码</attrlabl><attalias Sync="TRUE">地级码</attalias><attrtype Sync="TRUE">Integer</attrtype><attwidth Sync="TRUE">4</attwidth><atprecis Sync="TRUE">0</atprecis><attscale Sync="TRUE">0</attscale></attr><attr><attrlabl Sync="TRUE">地级类</attrlabl><attalias Sync="TRUE">地级类</attalias><attrtype Sync="TRUE">String</attrtype><attwidth Sync="TRUE">254</attwidth><atprecis Sync="TRUE">0</atprecis><attscale Sync="TRUE">0</attscale></attr><attr><attrlabl Sync="TRUE">省级</attrlabl><attalias Sync="TRUE">省级</attalias><attrtype Sync="TRUE">String</attrtype><attwidth Sync="TRUE">254</attwidth><atprecis Sync="TRUE">0</atprecis><attscale Sync="TRUE">0</attscale></attr><attr><attrlabl Sync="TRUE">省级码</attrlabl><attalias Sync="TRUE">省级码</attalias><attrtype Sync="TRUE">Integer</attrtype><attwidth Sync="TRUE">4</attwidth><atprecis Sync="TRUE">0</atprecis><attscale Sync="TRUE">0</attscale></attr><attr><attrlabl Sync="TRUE">省级类</attrlabl><attalias Sync="TRUE">省级类</attalias><attrtype Sync="TRUE">String</attrtype><attwidth Sync="TRUE">254</attwidth><atprecis Sync="TRUE">0</atprecis><attscale Sync="TRUE">0</attscale></attr><attr><attrlabl Sync="TRUE">曾用名</attrlabl><attalias Sync="TRUE">曾用名</attalias><attrtype Sync="TRUE">String</attrtype><attwidth Sync="TRUE">254</attwidth><atprecis Sync="TRUE">0</atprecis><attscale Sync="TRUE">0</attscale></attr><attr><attrlabl Sync="TRUE">备注</attrlabl><attalias Sync="TRUE">备注</attalias><attrtype Sync="TRUE">String</attrtype><attwidth Sync="TRUE">254</attwidth><atprecis Sync="TRUE">0</atprecis><attscale Sync="TRUE">0</attscale></attr><attr><attrlabl Sync="TRUE">ENG_NAME</attrlabl><attalias Sync="TRUE">ENG_NAME</attalias><attrtype Sync="TRUE">String</attrtype><attwidth Sync="TRUE">254</attwidth><atprecis Sync="TRUE">0</atprecis><attscale Sync="TRUE">0</attscale></attr><attr><attrlabl Sync="TRUE">VAR_NAME</attrlabl><attalias Sync="TRUE">VAR_NAME</attalias><attrtype Sync="TRUE">String</attrtype><attwidth Sync="TRUE">254</attwidth><atprecis Sync="TRUE">0</atprecis><attscale Sync="TRUE">0</attscale></attr><attr><attrlabl Sync="TRUE">code</attrlabl><attalias Sync="TRUE">code</attalias><attrtype Sync="TRUE">Integer</attrtype><attwidth Sync="TRUE">4</attwidth><atprecis Sync="TRUE">0</atprecis><attscale Sync="TRUE">0</attscale></attr><attr><attrlabl Sync="TRUE">NAME_3</attrlabl><attalias Sync="TRUE">NAME_3</attalias><attrtype Sync="TRUE">String</attrtype><attwidth Sync="TRUE">254</attwidth><atprecis Sync="TRUE">0</atprecis><attscale Sync="TRUE">0</attscale></attr><attr><attrlabl Sync="TRUE">VAR_NAME3</attrlabl><attalias Sync="TRUE">VAR_NAME3</attalias><attrtype Sync="TRUE">String</attrtype><attwidth Sync="TRUE">254</attwidth><atprecis Sync="TRUE">0</atprecis><attscale Sync="TRUE">0</attscale></attr><attr><attrlabl Sync="TRUE">GID_3</attrlabl><attalias Sync="TRUE">GID_3</attalias><attrtype Sync="TRUE">Integer</attrtype><attwidth Sync="TRUE">4</attwidth><atprecis Sync="TRUE">0</atprecis><attscale Sync="TRUE">0</attscale></attr><attr><attrlabl Sync="TRUE">TYPE_3</attrlabl><attalias Sync="TRUE">TYPE_3</attalias><attrtype Sync="TRUE">String</attrtype><attwidth Sync="TRUE">254</attwidth><atprecis Sync="TRUE">0</atprecis><attscale Sync="TRUE">0</attscale></attr><attr><attrlabl Sync="TRUE">NAME_2</attrlabl><attalias Sync="TRUE">NAME_2</attalias><attrtype Sync="TRUE">String</attrtype><attwidth Sync="TRUE">254</attwidth><atprecis Sync="TRUE">0</atprecis><attscale Sync="TRUE">0</attscale></attr><attr><attrlabl Sync="TRUE">VAR_NAME2</attrlabl><attalias Sync="TRUE">VAR_NAME2</attalias><attrtype Sync="TRUE">String</attrtype><attwidth Sync="TRUE">254</attwidth><atprecis Sync="TRUE">0</atprecis><attscale Sync="TRUE">0</attscale></attr><attr><attrlabl Sync="TRUE">GID_2</attrlabl><attalias Sync="TRUE">GID_2</attalias><attrtype Sync="TRUE">Integer</attrtype><attwidth Sync="TRUE">4</attwidth><atprecis Sync="TRUE">0</atprecis><attscale Sync="TRUE">0</attscale></attr><attr><attrlabl Sync="TRUE">TYPE_2</attrlabl><attalias Sync="TRUE">TYPE_2</attalias><attrtype Sync="TRUE">String</attrtype><attwidth Sync="TRUE">254</attwidth><atprecis Sync="TRUE">0</atprecis><attscale Sync="TRUE">0</attscale></attr><attr><attrlabl Sync="TRUE">NAME_1</attrlabl><attalias Sync="TRUE">NAME_1</attalias><attrtype Sync="TRUE">String</attrtype><attwidth Sync="TRUE">254</attwidth><atprecis Sync="TRUE">0</atprecis><attscale Sync="TRUE">0</attscale></attr><attr><attrlabl Sync="TRUE">VAR_NAME1</attrlabl><attalias Sync="TRUE">VAR_NAME1</attalias><attrtype Sync="TRUE">String</attrtype><attwidth Sync="TRUE">254</attwidth><atprecis Sync="TRUE">0</atprecis><attscale Sync="TRUE">0</attscale></attr><attr><attrlabl Sync="TRUE">GID_1</attrlabl><attalias Sync="TRUE">GID_1</attalias><attrtype Sync="TRUE">Integer</attrtype><attwidth Sync="TRUE">4</attwidth><atprecis Sync="TRUE">0</atprecis><attscale Sync="TRUE">0</attscale></attr><attr><attrlabl Sync="TRUE">TYPE_1</attrlabl><attalias Sync="TRUE">TYPE_1</attalias><attrtype Sync="TRUE">String</attrtype><attwidth Sync="TRUE">254</attwidth><atprecis Sync="TRUE">0</atprecis><attscale Sync="TRUE">0</attscale></attr><attr><attrlabl Sync="TRUE">year</attrlabl><attalias Sync="TRUE">year</attalias><attrtype Sync="TRUE">Integer</attrtype><attwidth Sync="TRUE">4</attwidth><atprecis Sync="TRUE">0</atprecis><attscale Sync="TRUE">0</attscale></attr><attr><attrlabl Sync="TRUE">FID_县</attrlabl><attalias Sync="TRUE">FID_县</attalias><attrtype Sync="TRUE">Integer</attrtype><attwidth Sync="TRUE">4</attwidth><atprecis Sync="TRUE">0</atprecis><attscale Sync="TRUE">0</attscale></attr><attr><attrlabl Sync="TRUE">地名_1</attrlabl><attalias Sync="TRUE">地名</attalias><attrtype Sync="TRUE">String</attrtype><attwidth Sync="TRUE">254</attwidth><atprecis Sync="TRUE">0</atprecis><attscale Sync="TRUE">0</attscale></attr><attr><attrlabl Sync="TRUE">县级_1</attrlabl><attalias Sync="TRUE">县级</attalias><attrtype Sync="TRUE">String</attrtype><attwidth Sync="TRUE">254</attwidth><atprecis Sync="TRUE">0</atprecis><attscale Sync="TRUE">0</attscale></attr><attr><attrlabl Sync="TRUE">县级码_1</attrlabl><attalias Sync="TRUE">县级码</attalias><attrtype Sync="TRUE">Double</attrtype><attwidth Sync="TRUE">8</attwidth><atprecis Sync="TRUE">0</atprecis><attscale Sync="TRUE">0</attscale></attr><attr><attrlabl Sync="TRUE">县级类_1</attrlabl><attalias Sync="TRUE">县级类</attalias><attrtype Sync="TRUE">String</attrtype><attwidth Sync="TRUE">254</attwidth><atprecis Sync="TRUE">0</atprecis><attscale Sync="TRUE">0</attscale></attr><attr><attrlabl Sync="TRUE">地级_1</attrlabl><attalias Sync="TRUE">地级</attalias><attrtype Sync="TRUE">String</attrtype><attwidth Sync="TRUE">254</attwidth><atprecis Sync="TRUE">0</atprecis><attscale Sync="TRUE">0</attscale></attr><attr><attrlabl Sync="TRUE">地级码_1</attrlabl><attalias Sync="TRUE">地级码</attalias><attrtype Sync="TRUE">Double</attrtype><attwidth Sync="TRUE">8</attwidth><atprecis Sync="TRUE">0</atprecis><attscale Sync="TRUE">0</attscale></attr><attr><attrlabl Sync="TRUE">地级类_1</attrlabl><attalias Sync="TRUE">地级类</attalias><attrtype Sync="TRUE">String</attrtype><attwidth Sync="TRUE">254</attwidth><atprecis Sync="TRUE">0</atprecis><attscale Sync="TRUE">0</attscale></attr><attr><attrlabl Sync="TRUE">省级_1</attrlabl><attalias Sync="TRUE">省级</attalias><attrtype Sync="TRUE">String</attrtype><attwidth Sync="TRUE">254</attwidth><atprecis Sync="TRUE">0</atprecis><attscale Sync="TRUE">0</attscale></attr><attr><attrlabl Sync="TRUE">省级码_1</attrlabl><attalias Sync="TRUE">省级码</attalias><attrtype Sync="TRUE">Double</attrtype><attwidth Sync="TRUE">8</attwidth><atprecis Sync="TRUE">0</atprecis><attscale Sync="TRUE">0</attscale></attr><attr><attrlabl Sync="TRUE">省级类_1</attrlabl><attalias Sync="TRUE">省级类</attalias><attrtype Sync="TRUE">String</attrtype><attwidth Sync="TRUE">254</attwidth><atprecis Sync="TRUE">0</atprecis><attscale Sync="TRUE">0</attscale></attr><attr><attrlabl Sync="TRUE">曾用名_1</attrlabl><attalias Sync="TRUE">曾用名</attalias><attrtype Sync="TRUE">String</attrtype><attwidth Sync="TRUE">254</attwidth><atprecis Sync="TRUE">0</atprecis><attscale Sync="TRUE">0</attscale></attr><attr><attrlabl Sync="TRUE">备注_1</attrlabl><attalias Sync="TRUE">备注</attalias><attrtype Sync="TRUE">String</attrtype><attwidth Sync="TRUE">254</attwidth><atprecis Sync="TRUE">0</atprecis><attscale Sync="TRUE">0</attscale></attr><attr><attrlabl Sync="TRUE">ENG_NAME_1</attrlabl><attalias Sync="TRUE">ENG_NAME</attalias><attrtype Sync="TRUE">String</attrtype><attwidth Sync="TRUE">254</attwidth><atprecis Sync="TRUE">0</atprecis><attscale Sync="TRUE">0</attscale></attr><attr><attrlabl Sync="TRUE">VAR_NAME_1</attrlabl><attalias Sync="TRUE">VAR_NAME</attalias><attrtype Sync="TRUE">String</attrtype><attwidth Sync="TRUE">254</attwidth><atprecis Sync="TRUE">0</atprecis><attscale Sync="TRUE">0</attscale></attr><attr><attrlabl Sync="TRUE">NAME_34</attrlabl><attalias Sync="TRUE">NAME_3</attalias><attrtype Sync="TRUE">String</attrtype><attwidth Sync="TRUE">254</attwidth><atprecis Sync="TRUE">0</atprecis><attscale Sync="TRUE">0</attscale></attr><attr><attrlabl Sync="TRUE">VAR_NAME3_1</attrlabl><attalias Sync="TRUE">VAR_NAME3</attalias><attrtype Sync="TRUE">String</attrtype><attwidth Sync="TRUE">254</attwidth><atprecis Sync="TRUE">0</atprecis><attscale Sync="TRUE">0</attscale></attr><attr><attrlabl Sync="TRUE">GID_34</attrlabl><attalias Sync="TRUE">GID_3</attalias><attrtype Sync="TRUE">Double</attrtype><attwidth Sync="TRUE">8</attwidth><atprecis Sync="TRUE">0</atprecis><attscale Sync="TRUE">0</attscale></attr><attr><attrlabl Sync="TRUE">TYPE_34</attrlabl><attalias Sync="TRUE">TYPE_3</attalias><attrtype Sync="TRUE">String</attrtype><attwidth Sync="TRUE">254</attwidth><atprecis Sync="TRUE">0</atprecis><attscale Sync="TRUE">0</attscale></attr><attr><attrlabl Sync="TRUE">NAME_23</attrlabl><attalias Sync="TRUE">NAME_2</attalias><attrtype Sync="TRUE">String</attrtype><attwidth Sync="TRUE">254</attwidth><atprecis Sync="TRUE">0</atprecis><attscale Sync="TRUE">0</attscale></attr><attr><attrlabl Sync="TRUE">VAR_NAME2_1</attrlabl><attalias Sync="TRUE">VAR_NAME2</attalias><attrtype Sync="TRUE">String</attrtype><attwidth Sync="TRUE">254</attwidth><atprecis Sync="TRUE">0</atprecis><attscale Sync="TRUE">0</attscale></attr><attr><attrlabl Sync="TRUE">GID_23</attrlabl><attalias Sync="TRUE">GID_2</attalias><attrtype Sync="TRUE">Double</attrtype><attwidth Sync="TRUE">8</attwidth><atprecis Sync="TRUE">0</atprecis><attscale Sync="TRUE">0</attscale></attr><attr><attrlabl Sync="TRUE">TYPE_23</attrlabl><attalias Sync="TRUE">TYPE_2</attalias><attrtype Sync="TRUE">String</attrtype><attwidth Sync="TRUE">254</attwidth><atprecis Sync="TRUE">0</atprecis><attscale Sync="TRUE">0</attscale></attr><attr><attrlabl Sync="TRUE">NAME_12</attrlabl><attalias Sync="TRUE">NAME_1</attalias><attrtype Sync="TRUE">String</attrtype><attwidth Sync="TRUE">254</attwidth><atprecis Sync="TRUE">0</atprecis><attscale Sync="TRUE">0</attscale></attr><attr><attrlabl Sync="TRUE">VAR_NAME1_1</attrlabl><attalias Sync="TRUE">VAR_NAME1</attalias><attrtype Sync="TRUE">String</attrtype><attwidth Sync="TRUE">254</attwidth><atprecis Sync="TRUE">0</atprecis><attscale Sync="TRUE">0</attscale></attr><attr><attrlabl Sync="TRUE">GID_12</attrlabl><attalias Sync="TRUE">GID_1</attalias><attrtype Sync="TRUE">Double</attrtype><attwidth Sync="TRUE">8</attwidth><atprecis Sync="TRUE">0</atprecis><attscale Sync="TRUE">0</attscale></attr><attr><attrlabl Sync="TRUE">TYPE_12</attrlabl><attalias Sync="TRUE">TYPE_1</attalias><attrtype Sync="TRUE">String</attrtype><attwidth Sync="TRUE">254</attwidth><atprecis Sync="TRUE">0</atprecis><attscale Sync="TRUE">0</attscale></attr><attr><attrlabl Sync="TRUE">year_1</attrlabl><attalias Sync="TRUE">year</attalias><attrtype Sync="TRUE">Integer</attrtype><attwidth Sync="TRUE">4</attwidth><atprecis Sync="TRUE">0</atprecis><attscale Sync="TRUE">0</attscale></attr><attr><attrlabl Sync="TRUE">区划码_1</attrlabl><attalias Sync="TRUE">区划码</attalias><attrtype Sync="TRUE">Integer</attrtype><attwidth Sync="TRUE">4</attwidth><atprecis Sync="TRUE">0</atprecis><attscale Sync="TRUE">0</attscale></attr><attr><attrlabl Sync="TRUE">code_1</attrlabl><attalias Sync="TRUE">code</attalias><attrtype Sync="TRUE">Integer</attrtype><attwidth Sync="TRUE">4</attwidth><atprecis Sync="TRUE">0</atprecis><attscale Sync="TRUE">0</attscale></attr><attr><attrlabl Sync="TRUE">县</attrlabl><attalias Sync="TRUE">县</attalias><attrtype Sync="TRUE">Integer</attrtype><attwidth Sync="TRUE">4</attwidth><atprecis Sync="TRUE">0</atprecis><attscale Sync="TRUE">0</attscale></attr><attr><attrlabl Sync="TRUE">地</attrlabl><attalias Sync="TRUE">地</attalias><attrtype Sync="TRUE">Integer</attrtype><attwidth Sync="TRUE">4</attwidth><atprecis Sync="TRUE">0</atprecis><attscale Sync="TRUE">0</attscale></attr><attr><attrlabl Sync="TRUE">省</attrlabl><attalias Sync="TRUE">省</attalias><attrtype Sync="TRUE">Integer</attrtype><attwidth Sync="TRUE">4</attwidth><atprecis Sync="TRUE">0</atprecis><attscale Sync="TRUE">0</attscale></attr><attr><attrlabl Sync="TRUE">xian</attrlabl><attalias Sync="TRUE">xian</attalias><attrtype Sync="TRUE">Integer</attrtype><attwidth Sync="TRUE">4</attwidth><atprecis Sync="TRUE">0</atprecis><attscale Sync="TRUE">0</attscale></attr><attr><attrlabl Sync="TRUE">shi</attrlabl><attalias Sync="TRUE">shi</attalias><attrtype Sync="TRUE">Integer</attrtype><attwidth Sync="TRUE">4</attwidth><atprecis Sync="TRUE">0</atprecis><attscale Sync="TRUE">0</attscale></attr><attr><attrlabl Sync="TRUE">sheng</attrlabl><attalias Sync="TRUE">sheng</attalias><attrtype Sync="TRUE">Integer</attrtype><attwidth Sync="TRUE">4</attwidth><atprecis Sync="TRUE">0</atprecis><attscale Sync="TRUE">0</attscale></attr><attr><attrlabl Sync="TRUE">Shape_Length</attrlabl><attalias Sync="TRUE">Shape_Length</attalias><attrtype Sync="TRUE">Double</attrtype><attwidth Sync="TRUE">8</attwidth><atprecis Sync="TRUE">0</atprecis><attscale Sync="TRUE">0</attscale><attrdef Sync="TRUE">Length of feature in internal units.</attrdef><attrdefs Sync="TRUE">Esri</attrdefs><attrdomv><udom Sync="TRUE">Positive real numbers that are automatically generated.</udom></attrdomv></attr><attr><attrlabl Sync="TRUE">Shape_Area</attrlabl><attalias Sync="TRUE">Shape_Area</attalias><attrtype Sync="TRUE">Double</attrtype><attwidth Sync="TRUE">8</attwidth><atprecis Sync="TRUE">0</atprecis><attscale Sync="TRUE">0</attscale><attrdef Sync="TRUE">Area of feature in internal units squared.</attrdef><attrdefs Sync="TRUE">Esri</attrdefs><attrdomv><udom Sync="TRUE">Positive real numbers that are automatically generated.</udom></attrdomv></attr></detailed></eainfo><mdDateSt Sync="TRUE">20220817</mdDateSt></metadata>
