<?xml version="1.0" encoding="UTF-8"?>
<metadata xml:lang="zh"><Esri><CreaDate>20221230</CreaDate><CreaTime>17330500</CreaTime><ArcGISFormat>1.0</ArcGISFormat><SyncOnce>TRUE</SyncOnce><DataProperties><lineage><Process ToolSource="d:\soft\arcgis\desktop10.6\ArcToolbox\Toolboxes\Data Management Tools.tbx\CalculateField" Date="20220828" Time="190505">CalculateField 2022年市矢量 year 2022 VB #</Process><Process ToolSource="d:\soft\arcgis\desktop10.6\ArcToolbox\Toolboxes\Data Management Tools.tbx\CalculateField" Date="20220828" Time="190636">CalculateField 2022年市矢量 NAME_1 "Shaanxi" VB #</Process><Process ToolSource="d:\soft\arcgis\desktop10.6\ArcToolbox\Toolboxes\Data Management Tools.tbx\CalculateField" Date="20220829" Time="013428">CalculateField 2021年市矢量 year 2021 VB #</Process><Process ToolSource="e:\program files (x86)\arcgis\desktop10.8\ArcToolbox\Toolboxes\Data Management Tools.tbx\CalculateField" Date="20221220" Time="232409">CalculateField 2019年\2019地级矢量 ENG_NAME [NAME_2] VB #</Process><Process ToolSource="e:\program files (x86)\arcgis\desktop10.8\ArcToolbox\Toolboxes\Data Management Tools.tbx\CalculateField" Date="20221220" Time="232430">CalculateField 2019年\2019地级矢量 VAR_NAME [VAR_NAME2] VB #</Process><Process ToolSource="e:\program files (x86)\arcgis\desktop10.8\ArcToolbox\Toolboxes\Data Management Tools.tbx\CalculateField" Date="20221220" Time="233422">CalculateField 2019年\2019地级矢量 year 2019 VB #</Process><Process ToolSource="e:\program files (x86)\arcgis\desktop10.8\ArcToolbox\Toolboxes\Data Management Tools.tbx\CalculateField" Date="20221221" Time="152811">CalculateField 2018年\2018年地级 year 2018 VB #</Process><Process ToolSource="e:\program files (x86)\arcgis\desktop10.8\ArcToolbox\Toolboxes\Data Management Tools.tbx\CalculateField" Date="20221222" Time="012249">CalculateField 2017年\2017年地级 year 2017 VB #</Process><Process ToolSource="e:\program files (x86)\arcgis\desktop10.8\ArcToolbox\Toolboxes\Data Management Tools.tbx\CalculateField" Date="20221224" Time="103158">CalculateField 2016年\2016年地级 year 2016 VB #</Process><Process ToolSource="e:\program files (x86)\arcgis\desktop10.8\ArcToolbox\Toolboxes\Data Management Tools.tbx\CalculateField" Date="20221227" Time="195558">CalculateField 2015年\2015年地级 year 2015 VB #</Process></lineage></DataProperties></Esri></metadata>
